{"cameraMode":{"drawMode":0,"name":"Shaded","section":"Shading Mode"},"sceneLighting":true,"audioPlay":false,"sceneViewState":{"m_AlwaysRefresh":false,"showFog":true,"showSkybox":true,"showFlares":true,"showImageEffects":true,"showParticleSystems":true,"showVisualEffectGraphs":true,"m_FxEnabled":true},"in2DMode":false,"pivot":{"x":-57.22028350830078,"y":-12.095951080322266,"z":31.071523666381837},"rotation":{"x":-0.24850629270076753,"y":0.3647782504558563,"z":-0.10169056802988053,"w":-0.8916755318641663},"size":59.249603271484378,"orthographic":false}